year,month,day,Ammonia (uM),Chlorophyll (mg/m3),Chlorophyll 1 (mg/m3),Chlorophyll 2 (mg/m3),Lingulodinium polyedrum (cells/L),Nitrate (uM),Nitrite (uM),Phaeophytin (mg/m3),Phaeophytin 1 (mg/m3),Phaeophytin 2 (mg/m3),Phosphate (uM),Silicate (uM),Water Temperature,date,interval
2008,6,30,0.53,1.82,1.81,1.83,80,0.43,0.03,0.6,0.59,0.61,0.24,5.64,19.8,2008/6/30,0
2008,7,7,1.06,2.71,2.68,2.73,80,0.83,0.04,1.18,1.24,1.12,0.37,5.1,17.3,2008/7/7,7
2008,7,14,0.31,1,0.99,1,240,0.14,0.01,0.55,0.55,0.54,0.28,4.1,21.7,2008/7/14,7
2008,7,21,0.34,1.23,1.21,1.24,0,0.17,0.01,0.49,0.49,0.48,0.19,4.7,20.2,2008/7/21,7
2008,7,28,0.71,2.41,2.37,2.44,0,0.21,0,0.39,0.41,0.36,0.13,4.7,22.4,2008/7/28,7
2008,8,4,0.21,1.9,1.95,1.85,0,0.08,0,0.38,0.41,0.35,0.16,4.4,23,2008/8/4,7
2008,8,11,0.41,1.8,1.91,1.69,0,0.2,0.01,0.63,0.66,0.6,0.33,3.3,22,2008/8/11,7
2008,8,18,0.08,1.82,1.86,1.78,0,0.16,0,0.44,0.43,0.44,0.24,3.3,24.4,2008/8/18,7
2008,8,25,1.09,1.73,1.73,1.72,0,0.19,0.01,0.47,0.44,0.49,0.27,3.4,19.7,2008/8/25,7
2008,9,2,0.8,1.35,1.37,1.33,0,0.17,0.01,0.21,0.2,0.22,0.25,4,21.8,2008/9/2,8
2008,9,8,0.4,1.66,1.64,1.68,0,0.14,0.03,0.3,0.28,0.31,0.22,3.6,21.6,2008/9/8,6
2008,9,15,0.22,3.88,3.95,3.8,160,0.16,0.01,0.51,0.46,0.56,0.23,3.9,19.2,2008/9/15,7
2008,9,22,0.18,2.15,2.14,2.15,0,0.13,0.02,0.37,0.38,0.35,0.25,4.2,19,2008/9/22,7
2008,9,29,0.44,2.48,2.48,2.48,160,0.2,0.02,0.71,0.7,0.71,0.33,3.4,18.1,2008/9/29,7
2008,10,6,0.98,1.32,1.34,1.29,80,0.28,0.04,0.56,0.55,0.56,0.28,3.4,19.2,2008/10/6,7
2008,10,13,0.92,2.37,2.37,2.37,160,1,0.04,0.53,0.52,0.53,0.27,3.3,18.1,2008/10/13,7
2008,10,20,0.83,1.74,1.73,1.75,0,0.31,0.03,0.67,0.65,0.69,0.34,2.2,16.6,2008/10/20,7
2008,10,27,1.05,0.91,0.91,0.91,80,0.59,0.04,0.81,0.8,0.82,0.36,2.3,17.6,2008/10/27,7
2008,11,3,0.84,0.85,0.86,0.83,0,0.84,0.12,0.97,0.9,1.04,0.5,4.3,16.2,2008/11/3,7
2008,11,10,0.58,1.18,1.18,1.18,160,0.4,0.07,0.79,0.8,0.77,0.41,3.7,16.9,2008/11/10,7
2008,11,17,0.14,1.26,1.28,1.24,80,0.12,0.02,0.43,0.42,0.43,0.33,3.7,16.9,2008/11/17,7
2008,11,24,0,0.76,0.76,0.76,0,0.25,0.02,0.3,0.3,0.3,0.33,3,17,2008/11/24,7
2008,12,1,0.36,1.46,1.45,1.47,80,0.48,0.08,1.14,1.12,1.16,0.44,3.9,16.4,2008/12/1,7
2008,12,8,1.02,1.63,1.67,1.59,0,0.18,0.05,0.95,0.98,0.92,0.37,3.4,16.6,2008/12/8,7
2008,12,15,0.54,1.24,1.22,1.25,80,0.25,0.04,0.71,0.71,0.7,0.36,3.9,15.1,2008/12/15,7
2008,12,22,0.74,1.61,1.6,1.62,0,1.25,0.19,0.83,0.77,0.88,0.5,5.2,14.5,2008/12/22,7
2008,12,29,0.82,1.4,1.4,1.39,0,2.57,0.26,0.75,0.74,0.75,0.59,6.6,13.7,2008/12/29,7
2009,1,5,0.78,2.64,2.69,2.58,600,1.23,0.16,1,0.88,1.11,0.5,6,13.4,2009/1/5,7
2009,1,12,0.47,2.55,2.6,2.5,80,0.29,0.06,0.44,0.43,0.44,0.37,5.1,14,2009/1/12,7
2009,1,20,0.7,1.69,1.71,1.67,0,0.15,0.04,0.57,0.56,0.58,0.34,4.4,14.5,2009/1/20,8
2009,1,26,1.03,1.39,1.4,1.38,0,0.42,0.04,1.31,1.31,1.31,0.41,5,14.3,2009/1/26,6
2009,2,2,1.03,1.68,1.69,1.66,0,0.38,0.05,0.78,0.77,0.79,0.39,5.7,14.4,2009/2/2,7
2009,2,9,1.32,1.22,1.23,1.21,0,0.13,0.03,0.61,0.62,0.59,0.39,5.2,14.5,2009/2/9,7
2009,2,16,1.39,2.3,2.28,2.32,0,1.7,0.14,1.02,0.98,1.05,0.53,6.7,13.8,2009/2/16,7
2009,2,23,1.07,1.91,1.86,1.96,0,0.28,0.08,0.72,0.75,0.69,0.35,6.4,14.3,2009/2/23,7
2009,3,2,0.1,2.43,2.34,2.52,303,0,0.03,0.57,0.6,0.54,0.2,7.6,14.9,2009/3/2,7
2009,3,9,0.16,4.99,4.91,5.06,0,0,0.03,0.92,0.98,0.86,0.2,6.9,14.5,2009/3/9,7
2009,3,16,0.21,5.24,5.15,5.32,400,0.07,0.01,0.65,0.8,0.49,0.19,7.2,14.7,2009/3/16,7
2009,3,23,0.45,6.27,6.23,6.3,606,1.7,0.15,1.49,1.35,1.62,0.46,8.5,14.3,2009/3/23,7
2009,3,30,0.49,3.24,3.26,3.21,303,0.92,0.08,1.46,1.38,1.53,0.35,8.5,14.4,2009/3/30,7
2009,4,6,0.58,1.77,1.74,1.79,0,0.54,0.03,0.48,0.48,0.47,0.27,8.3,15.9,2009/4/6,7
2009,4,13,0.24,1.99,2.03,1.95,0,1.74,0.12,0.56,0.55,0.56,0.44,9.6,15.3,2009/4/13,7
2009,4,20,0.11,1.82,1.82,1.82,0,0.25,0.03,0.37,0.36,0.38,0.03,2.2,16.7,2009/4/20,7
2009,4,27,1,1.66,1.67,1.65,0,3.96,0.14,1.21,1.15,1.27,0.6,7.7,15.8,2009/4/27,7
2009,5,4,0.32,3.82,3.78,3.85,0,0.3,0.04,0.67,0.68,0.66,0.17,2.3,17.7,2009/5/4,7
2009,5,11,0.19,4.45,4.5,4.39,0,0.17,0.02,0.9,0.84,0.96,0.07,1.6,18.9,2009/5/11,7
2009,5,18,0.17,2.88,2.94,2.81,0,0.12,0.02,0.96,0.88,1.04,0.03,1.5,19.3,2009/5/18,7
2009,5,25,0.32,1.06,1.07,1.05,0,0.1,0,0.39,0.41,0.37,0.1,2.3,20.2,2009/5/25,7
2009,6,1,0.66,1.86,1.84,1.88,0,0.29,0.02,0.88,0.88,0.88,0.13,3.1,19,2009/6/1,7
2009,6,8,1.26,1.8,1.79,1.81,0,0.99,0.04,0.68,0.65,0.7,0.26,5.7,19.5,2009/6/8,7
2009,6,15,0.22,0.91,0.91,0.9,0,0.11,0.02,0.2,0.17,0.22,0.25,6.9,19.9,2009/6/15,7
2009,6,22,0.11,1.26,1.27,1.24,0,0.11,0.02,0.58,0.58,0.57,0.26,6.1,20.6,2009/6/22,7
2009,6,29,0.13,1.88,1.84,1.92,606,0.08,0.01,0.63,0.59,0.67,0.29,4.9,20.3,2009/6/29,7
2009,7,6,0.36,3.24,3.21,3.26,2424,0.34,0.04,0.82,0.84,0.79,0.32,5,18,2009/7/6,7
2009,7,13,0.16,2.41,2.45,2.37,303,0.08,0.04,0.44,0.4,0.47,0.2,1.3,20.9,2009/7/13,7
2009,7,20,0.15,2.41,2.42,2.4,0,0.07,0.03,0.3,0.28,0.31,0.13,0.7,20.9,2009/7/20,7
2009,7,27,0.27,1.04,1.06,1.01,0,0.14,0,0.26,0.25,0.26,0.13,1,24.5,2009/7/27,7
2009,8,3,0.36,0.93,0.92,0.93,0,0.1,0.01,0.48,0.47,0.48,0.21,1,23.5,2009/8/3,7
2009,8,10,0.71,0.69,0.68,0.7,0,0.09,0,0.23,0.23,0.23,0.18,1.3,23,2009/8/10,7
2009,8,17,0.18,0.93,0.92,0.93,0,0.08,0.01,0.45,0.44,0.45,0.2,1.1,22.1,2009/8/17,7
2009,8,24,0.3,1.08,1.09,1.06,0,0.09,0,0.51,0.49,0.52,0.12,1.2,22.8,2009/8/24,7
2009,8,31,0.28,0.91,0.91,0.91,0,0.07,0.01,0.33,0.33,0.32,0.12,1,23.8,2009/8/31,7
2009,9,7,0.15,1.01,0.99,1.02,0,0.18,0.01,0.41,0.4,0.42,0.23,1.2,24.7,2009/9/7,7
2009,9,14,0.24,0.57,0.56,0.57,0,0.1,0.01,0.29,0.29,0.29,0.22,1,22.3,2009/9/14,7
2009,9,21,0.2,1.01,1.02,0.99,0,0.06,0,0.38,0.37,0.38,0.19,1.4,22.8,2009/9/21,7
2009,9,28,0.23,0.76,0.74,0.77,0,0.06,0.01,0.33,0.32,0.34,0.24,2,21.4,2009/9/28,7
2009,10,5,0.23,0.79,0.78,0.79,0,0.02,0.02,0.37,0.36,0.37,0.31,1.5,20.1,2009/10/5,7
2009,10,12,0.5,0.95,0.93,0.96,1515,0.03,0,0.32,0.31,0.33,0.34,2.7,18.3,2009/10/12,7
2009,10,19,0.2,1.16,1.17,1.14,909,0,0,0.52,0.5,0.53,0.3,2.2,19.1,2009/10/19,7
2009,10,26,0.21,1.07,1.07,1.07,1818,0.05,0.03,0.6,0.6,0.6,0.34,2.5,19.5,2009/10/26,7
2009,11,2,0,1.24,1.23,1.24,606,0.06,0.04,0.44,0.44,0.43,0.38,3.5,16.7,2009/11/2,7
2009,11,9,0.01,0.78,0.79,0.76,303,0.14,0.03,0.34,0.34,0.34,0.33,2.9,17.1,2009/11/9,7
2009,11,16,0.07,1.09,1.09,1.09,3030,0.12,0.03,0.3,0.29,0.3,0.36,2.9,17.2,2009/11/16,7
2009,11,23,0.3,1.51,1.53,1.49,4242,0.19,0.05,0.61,0.61,0.6,0.33,3.1,16.7,2009/11/23,7
2009,11,30,0.3,0.97,0.96,0.98,606,0.33,0.06,0.52,0.54,0.5,0.31,3.1,16.4,2009/11/30,7
2009,12,7,0.13,1.97,1.95,1.98,303,0.68,0.11,1.07,0.92,1.22,0.41,4,15.4,2009/12/7,7
2009,12,14,0.53,0.83,0.81,0.84,0,0.51,0.08,0.66,0.67,0.65,0.44,3.8,15.4,2009/12/14,7
2009,12,21,0.31,1.16,1.19,1.12,1515,0.47,0.1,0.71,0.73,0.69,0.4,4.2,15.2,2009/12/21,7
2009,12,28,0.07,1.73,1.77,1.69,1515,0.6,0.11,0.69,0.67,0.7,0.42,3.7,14.8,2009/12/28,7
2010,1,4,0.11,1.75,1.86,1.64,303,0.78,0.16,0.77,0.67,0.86,0.45,4.4,14.7,2010/1/4,7
2010,1,11,0.21,0.81,0.82,0.79,0,0.36,0.06,0.47,0.47,0.46,0.4,3.7,15.1,2010/1/11,7
2010,1,19,0.32,0.89,0.91,0.86,606,0.8,0.14,0.6,0.54,0.65,0.44,3.7,15.2,2010/1/19,8
2010,1,25,0.8,0.84,0.82,0.85,2424,1.06,0.2,0.5,0.49,0.51,0.56,4.2,15,2010/1/25,6
2010,2,1,0,2.22,2.17,2.26,3333,0.7,0.19,0.74,0.68,0.8,0.41,4.1,15.1,2010/2/1,7
2010,2,8,0.31,1.21,1.26,1.15,1818,0.86,0.18,0.71,0.72,0.7,0.46,3.9,14.9,2010/2/8,7
2010,2,16,0,1.54,1.58,1.5,7273,0.43,0.06,1.17,1.14,1.19,0.33,3.8,15.2,2010/2/16,8
2010,2,22,0.16,0.95,0.91,0.98,303,0.52,0.03,0.45,0.46,0.44,0.35,3.3,15.6,2010/2/22,6
2010,3,1,0.12,2.92,2.96,2.88,18182,0.53,0.05,0.56,0.56,0.55,0.36,3.7,15.4,2010/3/1,7
2010,3,8,0.3,1.24,1.25,1.23,3030,0.09,0.03,0.6,0.59,0.6,0.34,5.4,15.4,2010/3/8,7
2010,3,15,0.2,8.36,8.43,8.29,35455,2.09,0.19,1.41,1.36,1.46,0.49,8.9,14.3,2010/3/15,7
2010,3,22,0.54,2.12,2.08,2.16,3636,0.07,0.04,0.69,0.72,0.66,0.22,2.9,15.7,2010/3/22,7
2010,3,29,0.2,2.08,2.05,2.1,5758,0.01,0.02,0.12,0.13,0.11,0.22,2.7,16.6,2010/3/29,7
2010,4,5,0.29,3.18,3.23,3.12,16061,0.05,0.01,0.76,0.76,0.76,0.33,4.9,16.1,2010/4/5,7
2010,4,12,0.56,2.26,2.24,2.28,13939,0.13,0.01,0.5,0.45,0.54,0.33,3.8,15.8,2010/4/12,7
2010,4,19,1.31,2.4,2.39,2.4,15455,0.14,0.03,0.39,0.37,0.41,0.38,4,16.7,2010/4/19,7
2010,4,26,0.4,20.46,20.5,20.41,236970,0.32,0.05,-0.71,-0.69,-0.72,0.48,8.4,14.8,2010/4/26,7
2010,5,3,0.66,20.46,20.29,20.63,191200,0.06,0.02,0.15,0.83,-0.54,0.26,2.4,15.7,2010/5/3,7
2010,5,10,0.18,9.53,10.06,8.99,110000,0.03,0.01,0.12,-0.64,0.87,0.26,2.6,16.7,2010/5/10,7
2010,5,17,0.29,18.26,18.6,17.92,210800,0.02,0,0.62,0.45,0.78,0.22,3.1,16.8,2010/5/17,7
2010,5,24,0.23,11.08,10.79,11.37,201200,0.46,0.04,0.43,0.54,0.32,0.37,5.9,16.9,2010/5/24,7
2010,5,31,0.07,4.11,4.12,4.1,38800,0.06,0,0.44,0.39,0.49,0.25,5.4,17.1,2010/5/31,7
2010,6,8,0.11,18.91,19.21,18.6,279200,0.01,0.01,0.18,0.06,0.29,0.18,5,18.9,2010/6/8,8
2010,6,14,0.12,5.37,5.44,5.3,98800,0,0.01,0.29,0.22,0.36,0.2,4.8,19.6,2010/6/14,6
2010,6,21,0.26,1.57,1.56,1.57,26400,0.05,0.02,0.37,0.35,0.38,0.16,4.1,20.1,2010/6/21,7
2010,6,28,0.22,4.38,4.41,4.35,10800,0,0.01,0.42,0.41,0.43,0.06,2.5,20.3,2010/6/28,7
2010,7,5,0.14,3.37,3.42,3.32,2424,0,0.01,0.29,0.28,0.3,0.1,2,18.9,2010/7/5,7
2010,7,13,0.38,2.01,2.03,1.98,0,1.31,0.09,0.7,0.67,0.72,0.43,6.8,17.2,2010/7/13,8
2010,7,19,0.37,2.91,2.97,2.84,0,0.67,0.06,0.75,0.73,0.77,0.34,7.4,17.5,2010/7/19,6
2010,7,26,0.59,1.64,1.63,1.65,0,0.05,0.03,0.64,0.64,0.63,0.22,2.6,19.4,2010/7/26,7
2010,8,2,0.38,1.76,1.68,1.83,2000,0.05,0.02,0.79,0.85,0.73,0.21,4.1,19.3,2010/8/2,7
2010,8,9,0.12,2.22,2.24,2.2,2400,0,0.01,0.64,0.61,0.66,0.15,3.5,20.2,2010/8/9,7
2010,8,16,1.66,4.15,4.19,4.1,400,2,0.1,1.86,1.78,1.93,0.48,6.6,15.4,2010/8/16,7
2010,8,23,0.63,1.77,1.77,1.77,400,0.14,0.02,0.61,0.62,0.6,0.27,4.4,19.1,2010/8/23,7
2010,8,30,1.68,0.92,0.92,0.92,0,0.2,0.01,0.19,0.17,0.2,0.34,3.1,19.4,2010/8/30,7
2010,9,6,0.25,3.04,3.03,3.04,2400,0.24,0.04,0.42,0.41,0.42,0.3,3,17.5,2010/9/6,7
2010,9,13,2.5,1.61,1.63,1.59,1200,0.07,0.07,0.5,0.48,0.51,0.56,5.3,17.5,2010/9/13,7
2010,9,20,0.97,4.67,4.69,4.64,400,0.55,0.08,1.46,1.41,1.51,0.56,6.6,16.6,2010/9/20,7
2010,9,27,1.83,2.37,2.38,2.35,0,0.06,0.04,0.71,0.71,0.71,0.42,5.8,17.4,2010/9/27,7
2010,10,4,0.72,16.77,15.93,17.6,19200,0,0.01,0.38,0.47,0.29,0.22,3.3,20,2010/10/4,7
2010,10,11,0.36,7.5,7.52,7.48,22400,0,0.04,0.47,0.42,0.52,0.31,3.6,19.2,2010/10/11,7
2010,10,18,0.31,4.76,4.85,4.66,4800,0.01,0.01,0.56,0.52,0.6,0.22,3,18.9,2010/10/18,7
2010,10,25,0.89,3.01,3.03,2.98,400,0,0.03,1.06,1.03,1.08,0.26,3.1,18.9,2010/10/25,7
2010,11,1,0.16,2.78,2.78,2.78,5200,-0.01,0.02,0.57,0.54,0.59,0.21,2.2,18.3,2010/11/1,7
2010,11,8,0.3,1.71,1.75,1.66,400,0,0.01,0.45,0.38,0.52,0.22,2,18.3,2010/11/8,7
2010,11,15,0.97,1.58,1.54,1.62,0,0.11,0.07,0.78,0.81,0.75,0.35,3,16.3,2010/11/15,7
2010,11,22,1.15,1.31,1.28,1.34,0,0.16,0.08,1.1,1.13,1.07,0.5,5.3,16,2010/11/22,7
2010,11,29,0.22,10.13,10.1,10.15,6000,0.07,0.06,0.93,0.87,0.99,0.47,6.3,13.8,2010/11/29,7
2010,12,6,0.61,5.59,5.63,5.54,1200,0.31,0.03,0.73,0.62,0.83,0.36,2.8,14,2010/12/6,7
2010,12,13,0.53,10.76,10.62,10.9,3600,0.26,0.03,-0.18,-0.27,-0.09,0.35,2.9,13.7,2010/12/13,7
2010,12,20,0.42,3.1,3.09,3.11,2000,0.14,0.01,0.19,0.16,0.22,0.35,1.8,15.1,2010/12/20,7
2010,12,27,0.49,7.13,7.45,6.8,1600,0.16,0.04,-0.16,-0.23,-0.09,0.46,2.6,15.3,2010/12/27,7
2011,1,3,2.05,1.43,1.43,1.43,0,1.37,0.12,0.35,0.32,0.37,0.57,4.3,14.7,2011/1/3,7
2011,1,10,1.14,3.55,3.51,3.58,800,1,0.14,0.64,0.69,0.59,0.45,3.4,14.2,2011/1/10,7
2011,1,18,0.44,4.98,4.98,4.98,3200,1.19,0.16,0.54,0.42,0.65,0.37,4,14.3,2011/1/18,8
2011,1,24,0.31,3.01,2.99,3.02,0,0.84,0.11,0.39,0.36,0.42,0.36,2.4,14.2,2011/1/24,6
2011,1,31,0.27,5.06,5.03,5.08,0,0.16,0.03,1.21,1.13,1.29,0.27,1.2,14.3,2011/1/31,7
2011,2,7,0.47,4.04,3.98,4.1,0,0.29,0.05,1.26,1.17,1.34,0.22,1,14.3,2011/2/7,7
2011,2,14,0.48,2.81,2.8,2.82,0,0.24,0.03,0.96,0.9,1.02,0.29,1.2,14.4,2011/2/14,7
2011,2,22,0.82,2.28,2.27,2.28,0,0.07,0.03,0.49,0.45,0.52,0.19,0.69,14.2,2011/2/22,8
2011,2,28,0.82,1.39,1.37,1.41,0,0.27,0.06,0.32,0.3,0.34,0.25,2.15,14.3,2011/2/28,6
2011,3,7,2.04,4.07,4.08,4.05,800,2.13,0.16,2.24,2.22,2.25,0.43,4.45,14.2,2011/3/7,7
2011,3,14,2.03,3.99,4.02,3.95,400,0.47,0.08,1.81,1.68,1.94,0.21,1.86,14.8,2011/3/14,7
2011,3,21,1.94,2.79,2.79,2.79,0,2.56,0.12,1.08,1,1.15,0.45,3.12,13.3,2011/3/21,7
2011,3,28,1.79,4.52,4.48,4.55,0,1.38,0.11,1.09,1.07,1.11,0.31,4.01,14.9,2011/3/28,7
2011,4,4,2.29,1.35,1.35,1.34,0,0.26,0.04,0.39,0.38,0.39,0.28,3.42,16.4,2011/4/4,7
2011,4,11,1.93,2.19,2.13,2.25,0,1.44,0.15,0.9,0.9,0.89,0.35,6.07,15.9,2011/4/11,7
2011,4,18,1.12,1.4,1.38,1.41,0,0.29,0.05,0.66,0.63,0.69,0.24,3.48,16.7,2011/4/18,7
2011,4,25,1.11,1.34,1.32,1.36,0,1.39,0.1,0.71,0.68,0.74,0.31,5.92,17.3,2011/4/25,7
2011,5,2,2.63,2.25,2.24,2.25,0,0.62,0.08,0.81,0.83,0.78,0.31,3.04,16.3,2011/5/2,7
2011,5,9,0.74,3.66,3.68,3.63,400,0.07,0.01,1.18,1.15,1.21,0.21,1.95,15.4,2011/5/9,7
2011,5,16,1.16,1.46,1.43,1.48,0,0.27,0.06,0.68,0.63,0.72,0.24,3.81,17.1,2011/5/16,7
2011,5,22,0.59,1.83,1.88,1.77,400,0.59,0.04,0.61,0.58,0.63,0.29,5.28,17.4,2011/5/22,6
2011,5,30,0.42,2.79,2.63,2.95,1200,0,0.01,0.68,0.66,0.7,0.14,3.78,17.5,2011/5/30,8
2011,6,6,1.46,2.59,2.63,2.54,6000,0.15,0.05,0.47,0.43,0.5,0.33,0.66,17.7,2011/6/6,7
2011,6,12,0.65,2.15,2.11,2.18,0,0.01,0,0.35,0.37,0.32,0.19,3.28,16.9,2011/6/12,6
2011,6,21,0.66,1.76,1.86,1.66,0,0.04,0,0.38,0.41,0.34,0.15,3.65,19.1,2011/6/21,9
2011,6,27,0.29,2.99,2.97,3,0,0.09,0,1.21,1.26,1.15,0.21,0,19.6,2011/6/27,6
2011,7,4,1.42,2.3,2.34,2.25,800,0.3,0.08,0.84,0.83,0.85,0.19,3.69,20.7,2011/7/4,7
2011,7,12,1.85,1.72,1.72,1.72,0,0.18,0.08,0.54,0.51,0.57,0.22,3.52,20.2,2011/7/12,8
2011,7,18,0.06,1.96,2.03,1.88,0,0.17,0.07,0.84,0.87,0.8,0.19,2.53,21,2011/7/18,6
2011,7,25,0.7,2.34,2.35,2.32,800,0.13,0.06,0.64,0.67,0.6,0.14,2.65,21.3,2011/7/25,7
2011,8,1,0.45,1.5,1.45,1.54,0,0.34,0.07,0.67,0.59,0.75,0.28,3.11,17.8,2011/8/1,7
2011,8,8,0.89,1.07,1.06,1.08,1200,0.17,0.06,0.32,0.3,0.33,0.24,2.73,18.6,2011/8/8,7
2011,8,15,0.14,2.41,2.34,2.48,800,0.02,0.03,0.66,0.64,0.68,0.15,1.27,20.2,2011/8/15,7
2011,8,22,0,1,1.02,0.98,800,0.14,0,0.31,0.3,0.31,0.29,2.02,20,2011/8/22,7
2011,8,29,0,1.37,1.39,1.34,2800,0.13,0,0.38,0.36,0.4,0.28,3.49,20.8,2011/8/29,7
2011,9,5,0.25,6.67,6.6,6.74,76400,0.06,0.2,0.15,0.13,0.16,0.42,5.78,17.6,2011/9/5,7
2011,9,12,0,2.19,2.15,2.22,14000,0.1,0,0.27,0.26,0.28,0.31,3.65,17.9,2011/9/12,7
2011,9,19,0,5.38,5.14,5.62,78400,0.15,0.01,0.32,0.34,0.29,0.36,2.8,18,2011/9/19,7
2011,9,26,0,43.92,43.99,43.84,1252000,0.13,0.01,1.07,1.18,0.96,0.26,5.02,16.6,2011/9/26,7
2011,10,3,0,48.14,51.69,44.58,1490400,0.06,0,1.11,-0.22,2.44,0.15,6.81,17.6,2011/10/3,7
2011,10,10,0,33.77,34.36,33.17,1298800,0.06,0,-1,-1.41,-0.59,0.19,3.94,17.8,2011/10/10,7
2011,10,17,0.12,4.73,4.89,4.56,65600,0.05,0.04,0.14,0.07,0.21,0.08,4.46,17.6,2011/10/17,7
2011,10,24,2.36,2.08,2.07,2.09,2800,0.22,0.07,0.24,0.24,0.24,0.19,4.44,17.2,2011/10/24,7
2011,10,31,0.82,3.11,3.2,3.01,800,1.56,0.15,0.54,0.37,0.7,0.31,4.42,16.3,2011/10/31,7
2011,11,7,0.61,1.66,1.64,1.67,0,0.33,0.06,0.54,0.52,0.55,0.22,2.3,16.4,2011/11/7,7
2011,11,14,1.01,0.8,0.79,0.8,0,0.39,0.07,0.27,0.28,0.25,0.29,2.1,16,2011/11/14,7
2011,11,21,0.68,0.62,0.62,0.62,0,0.17,0.04,0.24,0.23,0.25,0.27,1.46,15.8,2011/11/21,7
2011,11,28,0.7,1.38,1.38,1.37,800,0.39,0.09,0.42,0.43,0.41,0.28,2.39,15.5,2011/11/28,7
2011,12,5,0.87,7.48,7.31,7.65,5200,0.3,0.07,0.08,0.1,0.05,0.32,3.46,14.4,2011/12/5,7
2011,12,12,1.2,1.62,1.58,1.66,800,0.14,0.05,0.2,0.2,0.19,0.3,2,15.1,2011/12/12,7
2011,12,19,0.15,14.77,14.58,14.96,1200,0.11,0.02,0.23,0.19,0.27,0.29,3.68,14.3,2011/12/19,7
2011,12,26,0.38,11.92,12.2,11.63,0,0.05,0.01,-0.4,-0.37,-0.43,0.25,3.88,14,2011/12/26,7
2012,1,3,0.34,1.77,1.71,1.83,0,0.3,0.05,0.22,0.18,0.26,0.23,3.27,14.6,2012/1/3,8
2012,1,9,0.35,1.01,1.01,1.01,400,0.17,0.05,0.11,0.09,0.13,0.24,3.08,14.6,2012/1/9,6
2012,1,17,0.64,1.26,1.29,1.23,0,0.89,0.09,0.39,0.37,0.4,0.3,3.26,14.2,2012/1/17,8
2012,1,23,0.09,6.27,6.32,6.22,0,0.33,0.06,0.72,0.64,0.79,0.23,1.31,13.9,2012/1/23,6
2012,1,30,0.75,1.01,0.99,1.02,0,0.21,0.07,0.17,0.17,0.16,0.2,0.24,14.3,2012/1/30,7
2012,2,6,0.6,1.62,1.7,1.53,0,0.39,0.07,0.5,0.67,0.32,0.22,1.12,14.5,2012/2/6,7
2012,2,13,0.63,0.75,0.75,0.75,0,0.69,0.06,0.28,0.27,0.28,0.28,2.68,14.9,2012/2/13,7
2012,2,21,0.58,1.67,1.67,1.67,0,1.55,0.12,0.46,0.4,0.51,0.3,4.59,14.7,2012/2/21,8
2012,2,27,0.67,1.79,1.76,1.82,0,0.94,0.12,0.49,0.49,0.48,0.28,4.93,14.6,2012/2/27,6
2012,3,5,0.4,2,2,1.99,0,4.36,0.27,0.6,0.58,0.61,0.45,7.69,14.7,2012/3/5,7
2012,3,12,0.27,8.21,8.07,8.35,0,1.49,0.11,1.01,1.03,0.98,0.31,4.71,13.3,2012/3/12,7
2012,3,19,3.26,2.78,2.64,2.91,0,3.76,0.23,2.31,2.28,2.33,0.6,6.28,13,2012/3/19,7
2012,3,26,0.9,2.41,2.36,2.46,0,10.52,0.31,0.49,0.46,0.51,1.02,11.56,13.1,2012/3/26,7
2012,4,2,1.7,2.6,2.64,2.55,0,10.11,0.23,1.73,1.63,1.83,0.91,13.18,13.4,2012/4/2,7
2012,4,8,0.22,5.62,5.66,5.57,0,0.61,0.03,1.96,1.91,2,0.32,7.79,14.9,2012/4/8,6
2012,4,16,1.07,2.59,2.71,2.47,0,2.65,0.1,1.19,1.18,1.19,0.44,6.01,14.3,2012/4/16,8
2012,4,23,0.96,1.61,1.56,1.66,0,2.09,0.05,0.78,0.72,0.83,0.38,7.48,15.6,2012/4/23,7
2012,4,30,0.73,1.4,1.38,1.41,0,0.3,0.02,0.44,0.42,0.45,0.17,0.59,16.5,2012/4/30,7
2012,5,7,0.57,0.7,0.7,0.69,0,0.15,0.02,0.5,0.48,0.52,0.24,2.17,17.9,2012/5/7,7
2012,5,14,0.15,1.66,1.63,1.68,0,0.16,0.03,0.62,0.58,0.66,0.26,3.25,18.9,2012/5/14,7
2012,5,21,0.63,1.45,1.43,1.47,0,0.12,0.04,0.67,0.64,0.69,0.26,5.12,18.7,2012/5/21,7
2012,5,28,0.25,1.14,1.14,1.13,0,0.11,0.07,0.55,0.57,0.53,0.27,4.12,18.7,2012/5/28,7
2012,6,5,0.25,0.57,0.55,0.59,0,0.13,0.03,0.25,0.26,0.23,0.25,3.55,19.3,2012/6/5,8
2012,6,11,0.19,0.95,0.96,0.94,0,0.11,0.07,0.38,0.38,0.37,0.26,2.78,19,2012/6/11,6
2012,6,18,0.45,1.04,1.04,1.04,0,0.16,0.04,0.33,0.32,0.34,0.27,1.12,18.5,2012/6/18,7
2012,6,26,0.32,0.89,0.89,0.88,0,0.05,0.04,0.22,0.22,0.22,0.26,1.77,20.1,2012/6/26,8
2012,7,2,0.33,0.89,0.88,0.89,0,0.28,0.01,0.12,0.12,0.11,0.21,0.54,20.5,2012/7/2,6
2012,7,9,0.68,1.62,1.63,1.6,0,2.04,0.1,0.42,0.4,0.44,0.45,3.09,14.3,2012/7/9,7
2012,7,16,1,0.7,0.7,0.7,0,0.27,0.05,0.28,0.29,0.27,0.22,1.5,19.9,2012/7/16,7
2012,7,23,0.59,1.08,1.05,1.1,0,0.28,0.04,0.87,0.9,0.83,0.21,0.82,21,2012/7/23,7
2012,7,30,0.19,1.23,1.21,1.24,0,0.08,0.03,0.66,0.67,0.64,0.22,1.65,19.8,2012/7/30,7
2012,8,6,0.39,1.67,1.65,1.68,0,0.23,0.06,0.82,0.82,0.81,0.2,1.35,20.2,2012/8/6,7
2012,8,13,0.49,1.42,1.42,1.42,0,0.06,0.05,0.56,0.52,0.6,0.22,1.31,21.2,2012/8/13,7
2012,8,20,0.11,1.06,1.04,1.07,0,0.1,0.03,0.22,0.21,0.23,0.2,1.78,23.1,2012/8/20,7
2012,8,27,0.33,2.35,2.42,2.28,0,0.1,0.04,0.73,0.73,0.73,0.31,2.27,21.8,2012/8/27,7
2012,9,4,0.4,2.06,2.05,2.06,0,0.27,0.05,0.54,0.52,0.55,0.33,3.1,19.7,2012/9/4,8
2012,9,10,0.63,1,1,1,0,0.13,0.06,0.33,0.32,0.33,0.25,2.93,22.2,2012/9/10,6
2012,9,17,0.54,0.57,0.56,0.57,0,0.05,0.12,0.2,0.2,0.19,0.3,2.48,20.1,2012/9/17,7
2012,9,24,1.12,1.18,1.16,1.2,0,0.23,0.05,0.43,0.42,0.43,0.32,2.96,20.6,2012/9/24,7
2012,10,1,1.2,2.2,2.14,2.25,800,0.04,0.09,0.43,0.43,0.43,0.29,3.25,20.4,2012/10/1,7
2012,10,8,1.89,0.96,0.97,0.95,1600,0.11,0.05,0.43,0.43,0.42,0.31,3.27,19.5,2012/10/8,7
2012,10,15,0.73,1.55,1.53,1.56,1600,0.03,0.04,0.61,0.59,0.62,0.29,3.19,18.9,2012/10/15,7
2012,10,22,1.34,1.07,1.05,1.08,0,0.1,0.04,0.6,0.58,0.61,0.3,3.01,19.5,2012/10/22,7
2012,10,29,0.28,1.32,1.29,1.34,400,0.08,0.06,0.6,0.59,0.6,0.28,3.55,18.7,2012/10/29,7
2012,11,5,0.65,1.1,1.09,1.11,0,0.23,0.03,0.6,0.58,0.61,0.31,3.49,17.8,2012/11/5,7
2012,11,13,0.64,1.91,1.91,1.9,800,0.18,0.1,1.03,1.04,1.02,0.34,4.12,16.6,2012/11/13,8
2012,11,19,1.34,0.91,0.92,0.89,0,0.4,0.04,0.34,0.33,0.35,0.37,3.77,17,2012/11/19,6
2012,11,26,0.64,1.02,0.98,1.06,400,0.07,0.02,0.36,0.35,0.36,0.31,3.03,16.5,2012/11/26,7
2012,12,3,1.42,1.41,1.39,1.43,0,0.48,0.12,0.92,0.93,0.91,0.37,2.89,16.6,2012/12/3,7
2012,12,10,1.21,1.46,1.43,1.48,0,1.18,0.24,0.82,0.8,0.83,0.46,4.87,16,2012/12/10,7
2012,12,17,0.61,1.38,1.36,1.39,0,0.52,0.03,0.58,0.57,0.59,0.37,4.36,15.8,2012/12/17,7
2012,12,23,0.62,1.38,1.32,1.44,400,1.45,0.17,0.65,0.64,0.65,0.39,4.12,15.1,2012/12/23,6
2012,12,31,0.37,2.74,2.67,2.81,400,0.5,0.08,0.77,0.81,0.73,0.26,1.83,14.3,2012/12/31,8
2013,1,7,0.75,2.4,2.27,2.53,0,2.13,0.19,1.11,1.1,1.11,0.39,3.04,13.6,2013/1/7,7
2013,1,14,0.17,2.27,2.27,2.26,400,4.4,0.19,0.54,0.55,0.53,0.5,5.3,12.9,2013/1/14,7
2013,1,22,0.69,1.53,1.5,1.55,0,2.06,0.17,0.76,0.74,0.77,0.4,4.98,13.2,2013/1/22,8
2013,1,28,0.99,2.18,2.13,2.22,0,0.74,0.09,1.33,1.24,1.42,0.36,4.17,14,2013/1/28,6
2013,2,4,0.4,2.22,2.18,2.26,0,3.14,0.2,1.05,1,1.09,0.46,6.16,13.9,2013/2/4,7
2013,2,11,0.73,1.67,1.7,1.64,0,1.06,0.11,0.87,0.89,0.84,0.32,5.25,14,2013/2/11,7
2013,2,19,0.39,1.22,1.17,1.27,0,0.59,0.07,0.66,0.68,0.63,0.28,3.49,14.1,2013/2/19,8
2013,2,25,0.49,2.33,2.27,2.39,0,0.91,0.12,1.01,1.02,0.99,0.27,5.91,14.1,2013/2/25,6
2013,3,4,0.49,3.24,3.22,3.26,0,1.28,0.09,1.19,1.18,1.19,0.27,5.84,14.4,2013/3/4,7
2013,3,11,0.66,1.28,1.28,1.28,0,1.02,0.13,0.63,0.61,0.65,0.3,3.32,14.8,2013/3/11,7
2013,3,18,0.54,1.42,1.49,1.34,0,0.75,0.09,0.54,0.54,0.54,0.24,1.95,14.5,2013/3/18,7
2013,3,25,0.56,1.07,1.06,1.07,0,2.78,0.18,1.06,1.05,1.07,0.4,4.77,14.4,2013/3/25,7
2013,4,1,0.28,1.72,1.74,1.7,0,1.25,0.11,0.82,0.86,0.78,0.29,4.14,16.1,2013/4/1,7
2013,4,9,0.54,3.08,3.16,2.99,0,5.39,0.22,2.48,2.21,2.74,0.59,9.6,14.6,2013/4/9,8
2013,4,15,0.14,2.65,2.58,2.71,0,0.21,0.06,0.69,0.71,0.67,0.37,0.7,15.4,2013/4/15,6
2013,4,22,0.53,1.08,1.07,1.09,0,0.14,0.01,0.5,0.48,0.52,0.13,0.62,17.7,2013/4/22,7
2013,4,29,0.65,1.48,1.46,1.5,0,0.3,0.07,0.58,0.58,0.58,0.2,2.27,17,2013/4/29,7
2013,5,6,0.06,1.52,1.54,1.5,0,0.11,0.04,0.38,0.3,0.45,0.23,1.72,17.3,2013/5/6,7
2013,5,13,0.8,1.64,1.66,1.61,0,0.09,0.05,0.59,0.55,0.63,0.22,2.15,19.1,2013/5/13,7
2013,5,20,0.97,0.6,0.57,0.63,0,0.16,0.02,0.31,0.31,0.31,0.21,4.33,19.6,2013/5/20,7
2013,5,27,0.25,0.67,0.65,0.69,0,0.01,0.05,0.32,0.34,0.3,0.14,1.56,19.9,2013/5/27,7
2013,6,3,0.82,0.66,0.64,0.68,0,0.07,0.06,0.35,0.34,0.35,0.21,2.3,20.3,2013/6/3,7
2013,6,10,0.38,0.71,0.7,0.72,0,0.03,0.06,0.34,0.33,0.34,0.18,3.15,19.1,2013/6/10,7
2013,6,17,0.34,1.13,1.14,1.12,0,0.13,0.04,0.41,0.39,0.42,0.13,3.29,20.6,2013/6/17,7
2013,6,24,0.35,0.9,0.89,0.9,0,0.05,0.02,0.38,0.39,0.36,0.13,1.92,19.5,2013/6/24,7
2013,7,1,0.46,0.78,0.77,0.78,0,0.11,0.04,0.46,0.45,0.46,0.16,2.89,19.5,2013/7/1,7
2013,7,8,0.24,1.37,1.37,1.37,0,0.04,0.02,0.53,0.52,0.54,0.14,1.95,21.3,2013/7/8,7
2013,7,15,0.38,0.94,0.93,0.94,0,0.11,0.05,0.25,0.25,0.25,0.13,2.59,22.1,2013/7/15,7
2013,7,22,0.46,1.77,1.78,1.76,400,0.07,0.05,0.39,0.35,0.42,0.12,3.73,20.1,2013/7/22,7
2013,7,29,0.87,2.85,2.86,2.83,0,1.51,0.09,0.94,0.84,1.03,0.26,4.97,17.1,2013/7/29,7
2013,8,5,0.47,1.03,1.01,1.04,0,0.06,0.03,0.42,0.42,0.41,0.17,2.15,20,2013/8/5,7
2013,8,12,0.46,1.52,1.51,1.53,0,0.01,0.01,0.58,0.58,0.57,0.13,1.84,21.2,2013/8/12,7
2013,8,19,0.85,1.04,1.03,1.05,0,0.06,0.06,0.46,0.42,0.5,0.17,2.52,19.7,2013/8/19,7
2013,8,26,1.34,1.1,1.11,1.09,0,0.22,0.02,0.51,0.5,0.51,0.24,2.09,18.6,2013/8/26,7
2013,9,3,0.44,3.46,3.6,3.32,10000,0.31,0.04,0.6,0.66,0.54,0.22,0.9,20.1,2013/9/3,8
2013,9,9,0.17,2.39,2.46,2.32,1200,0.44,0.02,0.49,0.5,0.48,0.2,2.16,20.1,2013/9/9,6
2013,9,16,1.16,1.24,1.15,1.32,800,0.36,0.06,0.84,0.87,0.81,0.26,1.94,20.6,2013/9/16,7
2013,9,23,0.92,1.24,1.26,1.21,2000,0.33,0.06,0.42,0.37,0.47,0.28,1.73,20,2013/9/23,7
2013,9,30,0.59,1.9,1.92,1.87,400,0.34,0.08,0.65,0.66,0.63,0.28,2.14,19.4,2013/9/30,7
2013,10,7,0.54,1.22,1.22,1.22,240,0.49,0.07,0.64,0.63,0.64,0.27,3.08,18.8,2013/10/7,7
2013,10,14,0.62,1.05,1.06,1.04,400,0.45,0.03,0.44,0.42,0.46,0.25,1.33,19,2013/10/14,7
2013,10,21,0.87,1.49,1.43,1.55,0,0.53,0.08,0.81,0.83,0.79,0.29,1.73,18.6,2013/10/21,7
2013,10,28,0.69,2.2,2.18,2.21,0,0.72,0.04,1.34,1.29,1.38,0.44,3.3,16.4,2013/10/28,7
2013,11,4,0.53,0.87,0.86,0.87,0,0.84,0.04,0.35,0.32,0.38,0.33,2.23,17.2,2013/11/4,7
2013,11,11,0.35,1.87,1.83,1.91,0,0.84,0.09,0.73,0.74,0.71,0.43,3.59,16.7,2013/11/11,7
2013,11,18,0.55,0.95,0.96,0.93,0,0.45,0.05,0.41,0.39,0.42,0.31,2.11,17.4,2013/11/18,7
2013,11,25,0.79,1.75,1.83,1.67,0,0.49,0.04,0.67,0.56,0.77,0.3,2.56,16.9,2013/11/25,7
2013,12,2,0.67,1.36,1.39,1.33,0,0.56,0.06,0.66,0.64,0.67,0.34,2.28,16.5,2013/12/2,7
2013,12,9,0.79,1.33,1.31,1.35,0,0.75,0.11,0.51,0.48,0.53,0.36,2.16,15.7,2013/12/9,7
2013,12,16,0.4,4.92,4.58,5.25,0,0.47,0.11,1.48,1.4,1.56,0.32,1.11,15.6,2013/12/16,7
2013,12,23,1.32,1.05,1.02,1.07,0,0.3,0.13,0.59,0.56,0.61,0.26,1.28,15.5,2013/12/23,7
2013,12,30,0.745,0.85,0.81,0.89,0,0.18,0.075,0.59,0.6,0.57,0.20 ,1.825,15.3,2013/12/30,7
2014,1,6,0.17,0.91,0.89,0.93,0,0.06,0.02,0.53,0.59,0.47,0.14,2.37,15.7,2014/1/6,7
2014,1,13,0.585,1.23,1.25,1.2,0,0.225,0.065,0.83,0.83,0.83,0.195,3.275,15.4,2014/1/13,7
2014,1,20,1,0.91,0.91,0.91,0,0.39,0.11,0.48,0.49,0.46,0.25,4.18,15.5,2014/1/20,7
2014,1,27,0.74,0.92,0.91,0.93,0,0.09,0.01,0.56,0.54,0.57,0.23,2.9,16.4,2014/1/27,7
2014,2,3,0.33,1.01,1.02,0.99,0,0.35,0.11,0.43,0.47,0.39,0.25,3.7,15.5,2014/2/3,7
2014,2,10,0.9,1.47,1.61,1.33,0,0.93,0.08,0.71,0.73,0.68,0.36,4,15.5,2014/2/10,7
2014,2,17,0.57,1.28,1.23,1.33,0,0.01,0.07,0.28,0.28,0.27,0.12,0.61,15.5,2014/2/17,7
2014,2,24,0.76,2.34,2.35,2.32,0,0.06,0.1,0.49,0.49,0.48,0.12,2.35,16.6,2014/2/24,7
2014,3,3,0.78,1.24,1.24,1.23,0,0.26,0.08,0.39,0.38,0.4,0.23,2.37,16.3,2014/3/3,7
2014,3,10,0.74,1.33,1.33,1.32,0,0.25,0.08,0.74,0.67,0.81,0.19,3.37,16.8,2014/3/10,7
2014,3,17,0.38,1.38,1.33,1.42,0,0.1,0.09,0.53,0.54,0.52,0.18,3.18,17.7,2014/3/17,7
2014,3,24,0.64,1.59,1.62,1.55,0,0.05,0.06,0.8,0.77,0.82,0.19,3.66,17.9,2014/3/24,7
2014,4,1,0.52,2.06,2.07,2.05,0,0.12,0.08,0.84,0.79,0.88,0.19,4.76,16.8,2014/4/1,8
2014,4,7,0.37,5.19,5,5.38,400,0.13,0.01,0.74,0.91,0.57,0.18,5.64,17.8,2014/4/7,6
2014,4,14,0.58,4.15,3.93,4.36,0,0.32,0.04,0.88,0.97,0.78,0.15,2.12,15.1,2014/4/14,7
2014,4,21,1,1.56,1.62,1.5,0,0.91,0.08,0.74,0.68,0.8,0.24,2.12,16.8,2014/4/21,7
2014,4,28,2.31,1.73,1.8,1.65,0,0.53,0.05,0.53,0.58,0.47,0.17,2.62,17.9,2014/4/28,7
2014,5,5,0.45,2.2,2.15,2.25,0,1.63,0.07,0.81,0.77,0.85,0.29,5.55,16.7,2014/5/5,7
2014,5,12,1.19,0.57,0.49,0.64,0,0.1,0.04,0.13,0.13,0.12,0.16,3.04,18.8,2014/5/12,7
2014,5,19,0.81,0.7,0.71,0.69,0,0.15,0.06,0.12,0.11,0.12,0.17,5.11,19.2,2014/5/19,7
2014,5,27,1.72,0.74,0.74,0.73,0,0.23,0.03,0.15,0.15,0.15,0.16,5.36,20.7,2014/5/27,8
2014,6,2,0.92,0.93,0.94,0.91,0,0.28,0.04,0.26,0.26,0.26,0.2,4.73,21.3,2014/6/2,6
2014,6,9,0.81,1.3,1.36,1.24,0,0.12,0.03,0.27,0.27,0.27,0.18,6.59,20.5,2014/6/9,7
2014,6,16,0.98,1.01,0.96,1.05,0,0.09,0.03,0.26,0.21,0.31,0.11,3.2,20.1,2014/6/16,7
2014,6,23,0.56,0.87,0.82,0.92,0,0.67,0.06,0.28,0.27,0.28,0.16,1.9,21.4,2014/6/23,7
2014,6,30,1.13,2.51,2.51,2.51,0,0.26,0.02,0.27,0.2,0.34,0.05,3.21,20.7,2014/6/30,7
2014,7,7,0.99,0.77,0.75,0.79,0,0.24,0.03,0.18,0.2,0.16,0.12,2.34,23.4,2014/7/7,7
2014,7,14,1.02,1.92,1.98,1.85,0,0.19,0.06,0.49,0.51,0.47,0.13,1.97,22.4,2014/7/14,7
2014,7,21,1.15,1.8,1.83,1.77,0,0.16,0.04,0.47,0.52,0.41,0.16,6.04,21.4,2014/7/21,7
2014,7,28,1.11,1.95,1.9,2,0,0.26,0.03,0.43,0.41,0.44,0.19,3.84,22.5,2014/7/28,7
2014,8,4,1.12,1.31,1.3,1.31,0,0.16,0.04,0.34,0.32,0.35,0.12,3.16,23.2,2014/8/4,7
2014,8,11,0.99,1.13,1.1,1.15,0,0.2,0.06,0.22,0.23,0.2,0.16,2.22,23.1,2014/8/11,7
2014,8,18,1.12,1.24,1.24,1.24,0,0.23,0.06,0.26,0.27,0.25,0.16,2.76,22.8,2014/8/18,7
2014,8,25,1.26,0.92,0.92,0.92,0,0.08,0.04,0.28,0.26,0.29,0.13,1.69,22.8,2014/8/25,7
2014,9,2,0.58,1.1,1.09,1.1,0,0.04,0.03,0.54,0.56,0.51,0.16,2.08,22.3,2014/9/2,8
2014,9,8,1.25,0.97,0.97,0.97,0,0.17,0.02,0.26,0.24,0.28,0.17,1.61,23.1,2014/9/8,6
2014,9,15,1.13,0.965,0.97,0.96,0,0.13,0.03,0.265,0.25,0.275,0.19,2.07,24.1,2014/9/15,7
2014,9,22,1.51,0.96,0.97,0.95,0,0.13,0.07,0.27,0.26,0.27,0.21,2.1,21.9,2014/9/22,7
2014,9,29,0.62,0.58,0.58,0.57,0,0.23,0.05,0.18,0.19,0.17,0.19,2.62,20,2014/9/29,7
2014,10,6,0.86,0.89,0.83,0.95,0,0.18,0.07,0.19,0.33,0.05,0.16,1.68,23,2014/10/6,7
2014,10,13,1.41,0.55,0.55,0.54,0,0.33,0.04,0.14,0.11,0.17,0.23,2.44,21.3,2014/10/13,7
2014,10,20,0.89,0.65,0.64,0.66,0,0.07,0.05,0.29,0.27,0.31,0.19,1.92,21.4,2014/10/20,7
2014,10,27,0.83,0.53,0.53,0.53,0,0.1,0.04,0.32,0.29,0.35,0.22,2.63,20.7,2014/10/27,7
2014,11,3,0.3,0.63,0.53,0.73,0,0.06,0.02,0.4,0.45,0.35,0.22,2.33,20.2,2014/11/3,7
2014,11,10,1.12,0.75,0.73,0.77,0,0.15,0.07,0.38,0.31,0.44,0.2,2.51,19,2014/11/10,7
2014,11,17,1.07,0.94,0.95,0.92,0,0.06,0.05,0.39,0.38,0.39,0.21,2.2,19.3,2014/11/17,7
2014,11,24,0.87,0.58,0.56,0.59,0,0.44,0.08,0.38,0.35,0.4,0.22,2.49,18.5,2014/11/24,7
2014,12,1,0.6,0.43,0.43,0.42,0,0.12,0.04,0.19,0.18,0.19,0.2,1.55,18.6,2014/12/1,7
2014,12,8,0.47,1.69,1.62,1.75,0,0.11,0.05,0.81,0.8,0.82,0.23,2.46,18.3,2014/12/8,7
2014,12,15,0.87,0.86,0.87,0.84,0,0.12,0.06,0.41,0.38,0.44,0.24,2.21,17.8,2014/12/15,7
2014,12,22,0.81,1.22,1.25,1.19,0,0.19,0.11,0.81,0.85,0.76,0.23,2.52,17.5,2014/12/22,7
2014,12,29,0.56,1.17,1.25,1.09,0,0.29,0.06,0.48,0.43,0.53,0.21,2.61,16.7,2014/12/29,7
2015,1,5,0.54,0.91,0.89,0.93,0,0.26,0.04,0.4,0.41,0.39,0.22,2.38,16,2015/1/5,7
2015,1,12,0.62,0.8,0.85,0.75,0,0.16,0.07,0.39,0.37,0.41,0.19,2.15,16.4,2015/1/12,7
2015,1,19,0.41,0.82,0.84,0.8,0,0.27,0.07,0.41,0.45,0.36,0.19,1.96,16.4,2015/1/19,7
2015,1,26,0.32,0.53,0.54,0.51,0,0.07,0.1,0.22,0.21,0.23,0.22,2.07,16.6,2015/1/26,7
2015,2,2,0.29,0.69,0.7,0.67,0,0.54,0.06,0.32,0.27,0.36,0.2,1.97,16.8,2015/2/2,7
2015,2,9,0.51,1.3,1.31,1.28,0,0.3,0.08,0.55,0.54,0.55,0.2,2.46,16.8,2015/2/9,7
2015,2,17,0.42,0.22,0.22,0.21,0,0.17,0.06,0.1,0.09,0.11,0.21,3.52,17.3,2015/2/17,8
2015,2,23,0.69,0.76,0.75,0.77,0,0.43,0.03,0.48,0.5,0.45,0.2,1.89,17,2015/2/23,6
2015,3,2,0.47,0.68,0.68,0.68,0,0.18,0.1,0.52,0.49,0.54,0.22,2.65,16.5,2015/3/2,7
2015,3,9,0.73,0.74,0.71,0.77,0,0.26,0.03,0.22,0.32,0.11,0.23,2.35,17.1,2015/3/9,7
2015,3,16,0.85,0.71,0.7,0.72,0,0.24,0.02,0.25,0.21,0.29,0.19,2.93,17.2,2015/3/16,7
2015,3,23,0.49,0.96,0.94,0.98,0,0.16,0.08,0.32,0.35,0.29,0.2,2.28,17.4,2015/3/23,7
2015,3,30,0.64,1.09,1.09,1.09,0,0.26,0.04,0.19,0.22,0.16,0.13,1.17,18.7,2015/3/30,7
2015,4,6,0.49,1.34,1.31,1.36,0,0.18,0.12,0.51,0.49,0.53,0.17,1.79,18.5,2015/4/6,7
2015,4,13,0.74,1.07,1.02,1.11,0,0.2,0.03,0.33,0.32,0.33,0.2,3.9,17.4,2015/4/13,7
2015,4,20,1,2.05,1.98,2.11,0,2.38,0.21,0.81,0.78,0.83,0.36,6.49,16.6,2015/4/20,7
2015,4,27,1.12,1.15,1.14,1.15,0,0.59,0.16,0.35,0.36,0.34,0.25,3.16,16.9,2015/4/27,7
2015,5,4,0.71,1.52,1.6,1.44,0,0.35,0.09,0.54,0.61,0.47,0.19,2.85,18.9,2015/5/4,7
2015,5,11,0.55,1.85,1.85,1.85,0,0.22,0.06,0.57,0.48,0.66,0.18,3.44,18,2015/5/11,7
2015,5,18,0.59,2.46,2.38,2.53,0,0.16,0.06,0.74,0.74,0.73,0.22,4.6,16.7,2015/5/18,7
2015,5,26,0.77,2.49,2.51,2.47,0,0.13,0.08,0.68,0.65,0.71,0.19,3.68,18.6,2015/5/26,8
